CrashId,VehicleId,PersonId,Age,Gender,Gender Text Format,State,Postal Code,Person Type,Person Type Text Format,Injury Status,Injury Status Text Format,Condition at Time of Crash,Condition at Time of Crash Text Format,Condition at Time of Crash2,Condition at Time of Crash2 Text Format,Action Taken by Officer,Action Taken by Officer Text Format,Alcohol Test Status,Alcohol Test Status Text Format,Type Of Alcohol Test,Type Of Alcohol Test Text Format,Drug Test Status,Drug Test Status Text Format,Type Of Drig Test,Type Of Drig Test Text Format,Ejection Status,Ejection Status Text Format,Restraint System,Restraint System Text Format,Helmet Use,Helmet Use Text Format,Air Bag Status,Air Bag Status Text Format,Speeding Related,Speeding Related Text Format,Driver Actions 1,Driver Actions 1 Text Format,Driver Actions 2,Driver Actions 2 Text Format,Driver Actions 3,Driver Actions 3 Text Format,Driver Actions 4,Driver Actions 4 Text Format,Driver Distracted By,Driver Distracted By Text Format,Roadway On Which Nonmotorist Was Traveling/Located,Direction nonmotorist was traveling,Direction Unknown,Striking Motor Vehicle ID,Bicycle ID,Non-Motorist Not In Roadway,Actions or Circumstances Prior to Crash,Actions or Circumstances Prior to Crash Text Format,To or From School,To or From School Text Format,Actions or Circumstances At Time Of Crash,Actions or Circumstances At Time Of Crash Text Format,Actions or Circumstances At Time Of Crash2,Actions or Circumstances At Time Of Crash2 Text Format,Location At Time Of Crash,Location At Time Of Crash Text Format,Safety Equipment,Safety Equipment Text Format,Safety Equipment2,Safety Equipment2 Text Format,Non-motorist Distracted By,Non-motorist Distracted By Text Format,Seating Position,Seating Position Text Format,Seating Position for Bus,City,Country,Driver License Jurisdiction,Driver License Jurisdiction Text Format,Drivers License Issued By,Drivers License Class,Commercial License Class,Commercial License Class Text Format,Transported to First Medical Facility By,Transported to First Medical Facility By Text Format,Name of the EMS agency,Name of the Intended Receiving Facility
1120523,1,3,69,1,Male,CT,6787,2,Passenger,K,Fatal Injury (K),,,,,,,1,Test Not Given,88,Not Applicable,1,Test Not Given,88,Not Applicable,1,Not Ejected,1,Shoulder and Lap Belt Used,88,Not Applicable,2,Deployed-Front,,,88,Not Applicable,88,Not Applicable,88,Not Applicable,88,Not Applicable,,,,,,,,,,,,,,,,,,,,,,,,,13,"First Row, Right Seat",,Thomaston,,2,State,CT,,,,1,Not Transported,Bristol Hospital EMS,NEW BRITAIN
1120633,1,1,41,1,Male,CT,6460,1,Driver,K,Fatal Injury (K),6,Under the Influence of Medications/Drugs/Alcohol,6,Under the Influence of Medications/Drugs/Alcohol,4,Arrest/Summons,2,Test Refused,3,Breath,2,Test Refused,2,Urine,1,Not Ejected,1,Shoulder and Lap Belt Used,88,Not Applicable,2,Deployed-Front,1,No,2,Ran Off Roadway,88,Not Applicable,88,Not Applicable,88,Not Applicable,1,Not Distracted,,,,,,,,,,,,,,,,,,,,,,,11,"First Row, Left Seat",,Milford,UnitedStates,2,State,CT,4,1,No,1,Not Transported,,
1122370,1,1,78,2,Female,CT,6254,1,Driver,K,Fatal Injury (K),2,Physically Impaired,88,Not Applicable,0,None taken,3,Test Given,1,Blood,3,Test Given,1,Blood,1,Not Ejected,1,Shoulder and Lap Belt Used,88,Not Applicable,6,Deployed-Combination,1,No,1,No Contributing Action,88,Not Applicable,88,Not Applicable,88,Not Applicable,99,Unknown if Distracted,,,,,,,,,,,,,,,,,,,,,,,11,"First Row, Left Seat",,North Franklin,,2,State,CT,4,1,No,3,EMS Ground,,L&M
1124976,,2,64,2,Female,CT,6484,3,Pedestrian,K,Fatal Injury (K),99,Unknown,88,Not Applicable,0,None taken,1,Test Not Given,88,Not Applicable,1,Test Not Given,88,Not Applicable,,,,,,,,,,,,,,,,,,,,,Howe Avenue,S,FALSE,1,,FALSE,1,Crossing Roadway,1,No,99,Unknown,,,5,Travel Lane-Other Location,0,None,,,99,Unknown if Distracted,,,,Shelton,,88,Not applicable,CT,,,,3,EMS Ground,Echo Hose Ambulance,BRIDGEPORT HOSPITAL
1126594,1,1,75,1,Male,CT,6804,1,Driver,K,Fatal Injury (K),97,Other,88,Not Applicable,0,None taken,1,Test Not Given,88,Not Applicable,1,Test Not Given,88,Not Applicable,1,Not Ejected,0,None Used-Motor Vehicle Occupant,88,Not Applicable,88,Not applicable,99,Unknown,12,Followed Too Closely,16,"Swerved or Avoided Due to Wind, Slippery Surface, Motor Vehicle, Object, Non-Motorist in Roadway, etc.",13,Failed to Keep in Proper Lane,88,Not Applicable,99,Unknown if Distracted,,,,,,,,,,,,,,,,,,,,,,,11,"First Row, Left Seat",,Brookfield,,2,State,CT,1,,,3,EMS Ground,NVAC,DANBURY
1126931,1,1,49,1,Male,CT,6512,1,Driver,K,Fatal Injury (K),99,Unknown,,,0,None taken,1,Test Not Given,88,Not Applicable,1,Test Not Given,88,Not Applicable,1,Not Ejected,99,Unknown,88,Not Applicable,2,Deployed-Front,1,No,13,Failed to Keep in Proper Lane,88,Not Applicable,88,Not Applicable,88,Not Applicable,99,Unknown if Distracted,,,,,,,,,,,,,,,,,,,,,,,11,"First Row, Left Seat",,New Haven,UnitedStates,2,State,CT,4,1,No,3,EMS Ground,AMER MED RESPONSE,YALE-NH HOSP
1126932,,2,70,1,Male,CT,,3,Pedestrian,K,Fatal Injury (K),97,Other,,,0,None taken,1,Test Not Given,88,Not Applicable,1,Test Not Given,88,Not Applicable,,,,,,,,,,,,,,,,,,,,,ELLA T GRASSO BLVD,,TRUE,1,,FALSE,99,Unknown,1,No,99,Unknown,88,Not Applicable,2,Intersection-Unmarked Crosswalk,99,Unknown,88,Not Applicable,99,Unknown if Distracted,,,,New Haven,UnitedStates,88,Not applicable,,,,,1,Not Transported,,
1127377,1,1,77,1,Male,CT,6120,1,Driver,K,Fatal Injury (K),97,Other,88,Not Applicable,0,None taken,1,Test Not Given,88,Not Applicable,1,Test Not Given,88,Not Applicable,1,Not Ejected,99,Unknown,88,Not Applicable,6,Deployed-Combination,99,Unknown,13,Failed to Keep in Proper Lane,88,Not Applicable,88,Not Applicable,88,Not Applicable,99,Unknown if Distracted,,,,,,,,,,,,,,,,,,,,,,,11,"First Row, Left Seat",,Hartford,,2,State,CT,4,1,No,3,EMS Ground,East Windsor,St. Francis
1130292,1,1,41,1,Male,CT,6854,1,Driver,K,Fatal Injury (K),99,Unknown,88,Not Applicable,0,None taken,3,Test Given,1,Blood,3,Test Given,1,Blood,1,Not Ejected,88,Not Applicable,1,No Helmet,88,Not applicable,99,Unknown,2,Ran Off Roadway,88,Not Applicable,88,Not Applicable,88,Not Applicable,99,Unknown if Distracted,,,,,,,,,,,,,,,,,,,,,,,11,"First Row, Left Seat",,Norwalk        ,,2,State,CT,0,1,No,3,EMS Ground,Norwalk EMS,Norwalk Hospital
1132188,1,1,52,1,Male,CT,6410,1,Driver,K,Fatal Injury (K),99,Unknown,88,Not Applicable,0,None taken,1,Test Not Given,88,Not Applicable,1,Test Not Given,88,Not Applicable,1,Not Ejected,1,Shoulder and Lap Belt Used,88,Not Applicable,3,Deployed-Side,99,Unknown,13,Failed to Keep in Proper Lane,88,Not Applicable,88,Not Applicable,88,Not Applicable,99,Unknown if Distracted,,,,,,,,,,,,,,,,,,,,,,,11,"First Row, Left Seat",,Cheshire,,2,State,CT,4,1,No,3,EMS Ground,Trinity,ST. MARY'S
1132219,1,2,1,1,Male,,,2,Passenger,K,Fatal Injury (K),,,,,,,,,,,,,,,1,Not Ejected,5,"Child Restraint System, Forward Facing",88,Not Applicable,6,Deployed-Combination,,,88,Not Applicable,88,Not Applicable,88,Not Applicable,88,Not Applicable,,,,,,,,,,,,,,,,,,,,,,,,,23,"Second Row, Right Seat",,,,,,CT,,,,3,EMS Ground,AMR,Bridgeport Hospital
1132260,1,4,14,1,Male,CT,6120,2,Passenger,K,Fatal Injury (K),,,,,,,,,,,,,,,1,Not Ejected,0,None Used-Motor Vehicle Occupant,88,Not Applicable,6,Deployed-Combination,,,88,Not Applicable,88,Not Applicable,88,Not Applicable,88,Not Applicable,,,,,,,,,,,,,,,,,,,,,,,,,23,"Second Row, Right Seat",,Hartford,UnitedStates,,,CT,,,,3,EMS Ground,Aetna,CCMC
1133272,,3,29,1,Male,CT,6704,3,Pedestrian,K,Fatal Injury (K),99,Unknown,88,Not Applicable,0,None taken,1,Test Not Given,88,Not Applicable,1,Test Not Given,88,Not Applicable,,,,,,,,,,,,,,,,,,,,,Leavenworth Rd,W,FALSE,1,,FALSE,7,"Adjacent to Roadway (e.g., Shoulder, Median)",1,No,99,Unknown,88,Not Applicable,7,Shoulder/Roadside,3,Reflective Clothing,88,Not Applicable,99,Unknown if Distracted,,,,Waterbury,,2,State,CT,,,,97,Other,,
1133914,3,3,44,2,Female,CT,6106,1,Driver,K,Fatal Injury (K),99,Unknown,88,Not Applicable,0,None taken,1,Test Not Given,88,Not Applicable,1,Test Not Given,88,Not Applicable,1,Not Ejected,99,Unknown,88,Not Applicable,6,Deployed-Combination,99,Unknown,11,Wrong Side or Wrong Way,88,Not Applicable,88,Not Applicable,88,Not Applicable,99,Unknown if Distracted,,,,,,,,,,,,,,,,,,,,,,,11,"First Row, Left Seat",,Hartford,,2,State,CT,0,1,No,1,Not Transported,,
1133914,3,4,44,2,Female,CT,6106,2,Passenger,K,Fatal Injury (K),,,,,,,1,Test Not Given,88,Not Applicable,1,Test Not Given,88,Not Applicable,1,Not Ejected,99,Unknown,88,Not Applicable,6,Deployed-Combination,,,88,Not Applicable,88,Not Applicable,88,Not Applicable,88,Not Applicable,,,,,,,,,,,,,,,,,,,,,,,,,13,"First Row, Right Seat",,Hartford,,2,State,CT,,,,1,Not Transported,,
1134215,2,2,75,1,Male,CT,6606,1,Driver,K,Fatal Injury (K),99,Unknown,88,Not Applicable,0,None taken,99,Unknown if Tested,88,Not Applicable,99,Unknown if Tested,88,Not Applicable,1,Not Ejected,99,Unknown,88,Not Applicable,6,Deployed-Combination,99,Unknown,99,Unknown,88,Not Applicable,88,Not Applicable,88,Not Applicable,99,Unknown if Distracted,,,,,,,,,,,,,,,,,,,,,,,11,"First Row, Left Seat",,Bridgeport,UnitedStates,2,State,CT,4,1,No,97,Other,O.C.M.E.,O.C.M.E. 
1134215,1,1,70,1,Male,PA,17304,1,Driver,K,Fatal Injury (K),99,Unknown,88,Not Applicable,0,None taken,99,Unknown if Tested,88,Not Applicable,99,Unknown if Tested,88,Not Applicable,1,Not Ejected,99,Unknown,88,Not Applicable,6,Deployed-Combination,99,Unknown,99,Unknown,88,Not Applicable,88,Not Applicable,88,Not Applicable,99,Unknown if Distracted,,,,,,,,,,,,,,,,,,,,,,,11,"First Row, Left Seat",,ASPERS,,2,State,PA,1,2,Yes,97,Other,O.C.M.E.,O.C.M.E. 
1134709,2,2,48,2,Female,CT,6063,1,Driver,K,Fatal Injury (K),97,Other,88,Not Applicable,0,None taken,1,Test Not Given,88,Not Applicable,1,Test Not Given,88,Not Applicable,1,Not Ejected,1,Shoulder and Lap Belt Used,88,Not Applicable,6,Deployed-Combination,1,No,1,No Contributing Action,88,Not Applicable,88,Not Applicable,88,Not Applicable,1,Not Distracted,,,,,,,,,,,,,,,,,,,,,,,11,"First Row, Left Seat",,Barkhamsted,,2,State,CT,4,1,No,1,Not Transported,,
1135638,2,2,60,1,Male,CT,6518,1,Driver,K,Fatal Injury (K),99,Unknown,88,Not Applicable,0,None taken,99,Unknown if Tested,88,Not Applicable,99,Unknown if Tested,88,Not Applicable,1,Not Ejected,99,Unknown,88,Not Applicable,99,Unknown,99,Unknown,99,Unknown,88,Not Applicable,88,Not Applicable,88,Not Applicable,99,Unknown if Distracted,,,,,,,,,,,,,,,,,,,,,,,11,"First Row, Left Seat",,Hamden,,2,State,CT,4,1,No,1,Not Transported,A.M.R.,O.C.M.E.
1136502,1,1,40,1,Male,CT,6614,1,Driver,K,Fatal Injury (K),99,Unknown,88,Not Applicable,0,None taken,1,Test Not Given,88,Not Applicable,1,Test Not Given,88,Not Applicable,88,Not Applicable,88,Not Applicable,4,"Helmet, Unknown If DOT-Compliant",88,Not applicable,99,Unknown,99,Unknown,88,Not Applicable,88,Not Applicable,88,Not Applicable,99,Unknown if Distracted,,,,,,,,,,,,,,,,,,,,,,,11,"First Row, Left Seat",,STRATFORD,,2,State,,0,1,No,3,EMS Ground,AMR,Bridgeport Hospital
1136503,,2,36,2,Female,CT,6010,3,Pedestrian,K,Fatal Injury (K),99,Unknown,88,Not Applicable,0,None taken,1,Test Not Given,88,Not Applicable,1,Test Not Given,88,Not Applicable,,,,,,,,,,,,,,,,,,,,,Middle Street,W,FALSE,1,,FALSE,1,Crossing Roadway,1,No,99,Unknown,99,Unknown,5,Travel Lane-Other Location,97,Other,99,Unknown,99,Unknown if Distracted,,,,Bristol,UnitedStates,2,State,CT,,,,3,EMS Ground,Bristol EMS,Bristol Hospital
1137902,,2,27,2,Female,CT,6109,3,Pedestrian,K,Fatal Injury (K),99,Unknown,88,Not Applicable,0,None taken,1,Test Not Given,88,Not Applicable,1,Test Not Given,88,Not Applicable,,,,,,,,,,,,,,,,,,,,,Berlin Turnpike,S,FALSE,1,,FALSE,1,Crossing Roadway,1,No,2,Dart/Dash,88,Not Applicable,5,Travel Lane-Other Location,0,None,88,Not Applicable,99,Unknown if Distracted,,,,Wethersfield,,2,State,CT,,,,3,EMS Ground,Newington EMS,Hartford Hospital 
1138036,1,3,,1,Male,,,2,Passenger,K,Fatal Injury (K),,,,,,,,,,,,,,,99,Unknown,99,Unknown,88,Not Applicable,99,Unknown,,,,,,,,,,,,,,,,,,,,,,,,,,,,,,,,,,,23,"Second Row, Right Seat",,,,,,,,,,3,EMS Ground,Wolcott Amulance,St Mary's Hospital
1138743,1,1,49,1,Male,CT,6112,1,Driver,K,Fatal Injury (K),99,Unknown,88,Not Applicable,0,None taken,1,Test Not Given,88,Not Applicable,1,Test Not Given,88,Not Applicable,1,Not Ejected,99,Unknown,88,Not Applicable,99,Unknown,99,Unknown,2,Ran Off Roadway,88,Not Applicable,88,Not Applicable,88,Not Applicable,99,Unknown if Distracted,,,,,,,,,,,,,,,,,,,,,,,11,"First Row, Left Seat",,Hartford,,2,State,CT,1,2,Yes,1,Not Transported,,Chief Medical Examiner
1139981,1,1,33,1,Male,CT,6066,1,Driver,K,Fatal Injury (K),99,Unknown,88,Not Applicable,0,None taken,1,Test Not Given,88,Not Applicable,1,Test Not Given,88,Not Applicable,88,Not Applicable,88,Not Applicable,2,DOT-Compliant Motorcycle Helmet,88,Not applicable,99,Unknown,2,Ran Off Roadway,88,Not Applicable,88,Not Applicable,88,Not Applicable,99,Unknown if Distracted,,,,,,,,,,,,,,,,,,,,,,,11,"First Row, Left Seat",,Vernon,,2,State,CT,4,1,No,1,Not Transported,,
1140060,2,2,48,2,Female,AZ,85705,1,Driver,K,Fatal Injury (K),99,Unknown,88,Not Applicable,0,None taken,99,Unknown if Tested,88,Not Applicable,99,Unknown if Tested,88,Not Applicable,3,"Ejected, Totally",0,None Used-Motor Vehicle Occupant,88,Not Applicable,6,Deployed-Combination,99,Unknown,11,Wrong Side or Wrong Way,88,Not Applicable,88,Not Applicable,88,Not Applicable,99,Unknown if Distracted,,,,,,,,,,,,,,,,,,,,,,,11,"First Row, Left Seat",,TUCSON,,2,State,AZ,4,1,No,1,Not Transported,A.M.R.,O.C.M.E
1141339,,2,31,1,Male,CT,6053,3,Pedestrian,K,Fatal Injury (K),99,Unknown,88,Not Applicable,0,None taken,1,Test Not Given,88,Not Applicable,1,Test Not Given,88,Not Applicable,,,,,,,,,,,,,,,,,,,,,Berlin Rd,W,FALSE,1,,FALSE,1,Crossing Roadway,1,No,99,Unknown,88,Not Applicable,5,Travel Lane-Other Location,0,None,88,Not Applicable,99,Unknown if Distracted,,,,New Britain    ,,2,State,CT,,,,1,Not Transported,,
1141755,,2,79,2,Female,CT,06902-,3,Pedestrian,K,Fatal Injury (K),97,Other,,,0,None taken,1,Test Not Given,88,Not Applicable,1,Test Not Given,88,Not Applicable,,,,,,,,,,,,,,,,,,,,,Forest Street,N,FALSE,1,,FALSE,1,Crossing Roadway,1,No,1,No Improper Action,88,Not Applicable,1,Intersection-Marked Crosswalk,0,None,88,Not Applicable,1,Not Distracted,,,,Stamford,UnitedStates,88,Not applicable,,,,,3,EMS Ground,Stamford EMS,Stamford Medical
1142042,1,1,27,1,Male,CT,6385,1,Driver,K,Fatal Injury (K),99,Unknown,88,Not Applicable,0,None taken,3,Test Given,1,Blood,3,Test Given,1,Blood,1,Not Ejected,1,Shoulder and Lap Belt Used,88,Not Applicable,6,Deployed-Combination,99,Unknown,2,Ran Off Roadway,88,Not Applicable,88,Not Applicable,88,Not Applicable,99,Unknown if Distracted,,,,,,,,,,,,,,,,,,,,,,,11,"First Row, Left Seat",,Waterford,,2,State,CT,4,1,No,1,Not Transported,CT OCME,FARMINGTON OCME
1144826,2,2,25,1,Male,CT,6492,1,Driver,K,Fatal Injury (K),1,Apparently Normal,88,Not Applicable,0,None taken,1,Test Not Given,88,Not Applicable,1,Test Not Given,88,Not Applicable,1,Not Ejected,88,Not Applicable,2,DOT-Compliant Motorcycle Helmet,88,Not applicable,99,Unknown,1,No Contributing Action,88,Not Applicable,88,Not Applicable,88,Not Applicable,1,Not Distracted,,,,,,,,,,,,,,,,,,,,,,,11,"First Row, Left Seat",,Wallingford,,2,State,CT,4,1,No,3,EMS Ground,Wallingford Fire Depart.,Yale New Haven Hospital
1145115,1,1,39,2,Female,CT,6483,1,Driver,K,Fatal Injury (K),99,Unknown,88,Not Applicable,0,None taken,1,Test Not Given,88,Not Applicable,1,Test Not Given,88,Not Applicable,1,Not Ejected,99,Unknown,88,Not Applicable,1,Not Deployed,99,Unknown,99,Unknown,88,Not Applicable,88,Not Applicable,88,Not Applicable,99,Unknown if Distracted,,,,,,,,,,,,,,,,,,,,,,,11,"First Row, Left Seat",,Seymour,,2,State,NY,4,1,No,3,EMS Ground,Echo Hose EMS,BRIDGEPORT
1146362,2,2,25,1,Male,CT,6066,1,Driver,K,Fatal Injury (K),3,"Emotional (depressed, angry, disturbed, etc.)",88,Not Applicable,0,None taken,1,Test Not Given,88,Not Applicable,1,Test Not Given,88,Not Applicable,1,Not Ejected,88,Not Applicable,4,"Helmet, Unknown If DOT-Compliant",88,Not applicable,1,No,14,Operated Motor Vehicle in Reckless or Aggressive Manner,88,Not Applicable,88,Not Applicable,88,Not Applicable,1,Not Distracted,,,,,,,,,,,,,,,,,,,,,,,11,"First Row, Left Seat",,Vernon,UnitedStates,2,State,CT,4,1,No,3,EMS Ground,ASM Medic/Tolland EMS,RGH
1146756,2,2,45,1,Male,CT,6082,1,Driver,K,Fatal Injury (K),99,Unknown,88,Not Applicable,0,None taken,3,Test Given,1,Blood,3,Test Given,1,Blood,1,Not Ejected,99,Unknown,88,Not Applicable,99,Unknown,99,Unknown,99,Unknown,88,Not Applicable,88,Not Applicable,88,Not Applicable,99,Unknown if Distracted,,,,,,,,,,,,,,,,,,,,,,,11,"First Row, Left Seat",,Enfield,,2,State,CT,1,2,Yes,1,Not Transported,OCME,OCME
1146914,2,3,53,2,Female,MA,1027,2,Passenger,K,Fatal Injury (K),,,,,,,,,,,,,,,1,Not Ejected,99,Unknown,88,Not Applicable,6,Deployed-Combination,,,88,Not Applicable,88,Not Applicable,88,Not Applicable,88,Not Applicable,,,,,,,,,,,,,,,,,,,,,,,,,23,"Second Row, Right Seat",,Easthampton,,,,MA,,,,1,Not Transported,,
1146931,2,3,25,2,Female,CT,6118,2,Passenger,K,Fatal Injury (K),,,,,,,1,Test Not Given,88,Not Applicable,1,Test Not Given,88,Not Applicable,1,Not Ejected,99,Unknown,88,Not Applicable,6,Deployed-Combination,,,88,Not Applicable,88,Not Applicable,88,Not Applicable,88,Not Applicable,,,,,,,,,,,,,,,,,,,,,,,,,13,"First Row, Right Seat",,East Hartford,,2,State,CT,,,,3,EMS Ground,ASM,HARTFORD
1146932,1,1,58,2,Female,CT,6708,1,Driver,K,Fatal Injury (K),1,Apparently Normal,88,Not Applicable,0,None taken,1,Test Not Given,88,Not Applicable,1,Test Not Given,88,Not Applicable,1,Not Ejected,1,Shoulder and Lap Belt Used,88,Not Applicable,6,Deployed-Combination,99,Unknown,1,No Contributing Action,88,Not Applicable,88,Not Applicable,88,Not Applicable,99,Unknown if Distracted,,,,,,,,,,,,,,,,,,,,,,,11,"First Row, Left Seat",,Waterbury,,2,State,CT,4,1,No,3,EMS Ground,AMR,SAINT MARY'S
1146933,1,1,52,2,Female,CT,6335,1,Driver,K,Fatal Injury (K),1,Apparently Normal,88,Not Applicable,3,Infraction,1,Test Not Given,88,Not Applicable,1,Test Not Given,88,Not Applicable,1,Not Ejected,1,Shoulder and Lap Belt Used,88,Not Applicable,6,Deployed-Combination,1,No,2,Ran Off Roadway,88,Not Applicable,88,Not Applicable,88,Not Applicable,1,Not Distracted,,,,,,,,,,,,,,,,,,,,,,,11,"First Row, Left Seat",,Gales Ferry,,2,State,CT,4,1,No,3,EMS Ground,Glastonburry FD,HARTFORD HOSPITAL
1146934,1,1,31,1,Male,CT,6511,1,Driver,K,Fatal Injury (K),99,Unknown,88,Not Applicable,0,None taken,1,Test Not Given,88,Not Applicable,1,Test Not Given,88,Not Applicable,1,Not Ejected,1,Shoulder and Lap Belt Used,88,Not Applicable,6,Deployed-Combination,99,Unknown,2,Ran Off Roadway,88,Not Applicable,88,Not Applicable,88,Not Applicable,99,Unknown if Distracted,,,,,,,,,,,,,,,,,,,,,,,11,"First Row, Left Seat",,New Haven,,2,State,CT,4,1,No,1,Not Transported,,
1146935,1,1,21,1,Male,CT,6511,1,Driver,K,Fatal Injury (K),99,Unknown,88,Not Applicable,0,None taken,1,Test Not Given,88,Not Applicable,1,Test Not Given,88,Not Applicable,1,Not Ejected,99,Unknown,88,Not Applicable,6,Deployed-Combination,99,Unknown,2,Ran Off Roadway,88,Not Applicable,88,Not Applicable,88,Not Applicable,99,Unknown if Distracted,,,,,,,,,,,,,,,,,,,,,,,11,"First Row, Left Seat",,New Haven,,2,State,CT,4,1,No,1,Not Transported,,
1146936,,2,41,1,Male,CT,6112,3,Pedestrian,K,Fatal Injury (K),99,Unknown,88,Not Applicable,0,None taken,1,Test Not Given,88,Not Applicable,1,Test Not Given,88,Not Applicable,,,,,,,,,,,,,,,,,,,,,,S,FALSE,1,,FALSE,1,Crossing Roadway,1,No,1,No Improper Action,88,Not Applicable,5,Travel Lane-Other Location,0,None,88,Not Applicable,99,Unknown if Distracted,,,,Hartford,,2,State,CT,,,,1,Not Transported,,
1146937,1,1,69,1,Male,CT,6280,1,Driver,K,Fatal Injury (K),97,Other,88,Not Applicable,1,Verbal Warning,1,Test Not Given,88,Not Applicable,1,Test Not Given,88,Not Applicable,1,Not Ejected,0,None Used-Motor Vehicle Occupant,88,Not Applicable,6,Deployed-Combination,1,No,2,Ran Off Roadway,88,Not Applicable,88,Not Applicable,88,Not Applicable,1,Not Distracted,,,,,,,,,,,,,,,,,,,,,,,11,"First Row, Left Seat",,Windham        ,,2,State,CT,4,1,No,3,EMS Ground,Glastonbury Ambulance,Hartford Hospital
1146938,3,3,25,1,Male,CT,6118,1,Driver,K,Fatal Injury (K),99,Unknown,88,Not Applicable,0,None taken,1,Test Not Given,88,Not Applicable,1,Test Not Given,88,Not Applicable,1,Not Ejected,99,Unknown,88,Not Applicable,6,Deployed-Combination,99,Unknown,99,Unknown,88,Not Applicable,88,Not Applicable,88,Not Applicable,99,Unknown if Distracted,,,,,,,,,,,,,,,,,,,,,,,11,"First Row, Left Seat",,East Hartford,,2,State,CT,4,1,No,1,Not Transported,,
1147049,,2,40,1,Male,CT,6810,3,Pedestrian,K,Fatal Injury (K),99,Unknown,88,Not Applicable,0,None taken,1,Test Not Given,88,Not Applicable,1,Test Not Given,88,Not Applicable,,,,,,,,,,,,,,,,,,,,,Lake Ave Ext.,E,FALSE,1,,FALSE,1,Crossing Roadway,1,No,3,Failure to Yield Right-Of-Way,,,5,Travel Lane-Other Location,0,None,,,99,Unknown if Distracted,,,,Danbury,,,,CT,,,,3,EMS Ground,Danbury EMS,DANBURY HOSPITAL
1147370,1,1,41,1,Male,CT,6492,1,Driver,K,Fatal Injury (K),99,Unknown,88,Not Applicable,0,None taken,1,Test Not Given,88,Not Applicable,1,Test Not Given,88,Not Applicable,1,Not Ejected,99,Unknown,88,Not Applicable,1,Not Deployed,99,Unknown,2,Ran Off Roadway,88,Not Applicable,88,Not Applicable,88,Not Applicable,99,Unknown if Distracted,,,,,,,,,,,,,,,,,,,,,,,11,"First Row, Left Seat",,Wallingford,,2,State,CT,4,1,No,3,EMS Ground,Hunter's Ambulance,YALE- NEW HAVEN
1147530,,2,71,1,Male,FL,32801,3,Pedestrian,K,Fatal Injury (K),99,Unknown,88,Not Applicable,0,None taken,1,Test Not Given,88,Not Applicable,1,Test Not Given,88,Not Applicable,,,,,,,,,,,,,,,,,,,,,I-91,N,FALSE,1,,FALSE,3,Walking/Cycling along Roadway Along Traffic (In or Adjacent to Travel Lane),1,No,99,Unknown,88,Not Applicable,5,Travel Lane-Other Location,99,Unknown,88,Not Applicable,99,Unknown if Distracted,,,,Orlando,,2,State,FL,,,,1,Not Transported,North Haven FD/EMS,
1147570,2,2,23,2,Female,CT,6514,1,Driver,K,Fatal Injury (K),99,Unknown,88,Not Applicable,0,None taken,1,Test Not Given,88,Not Applicable,1,Test Not Given,88,Not Applicable,1,Not Ejected,99,Unknown,88,Not Applicable,6,Deployed-Combination,1,No,1,No Contributing Action,88,Not Applicable,88,Not Applicable,88,Not Applicable,99,Unknown if Distracted,,,,,,,,,,,,,,,,,,,,,,,11,"First Row, Left Seat",,Hamden,,2,State,CT,4,1,No,3,EMS Ground,AMR,Bridgeport Hosp
1147628,2,2,19,1,Male,CT,6089,1,Driver,K,Fatal Injury (K),99,Unknown,88,Not Applicable,0,None taken,1,Test Not Given,88,Not Applicable,1,Test Not Given,88,Not Applicable,1,Not Ejected,88,Not Applicable,4,"Helmet, Unknown If DOT-Compliant",88,Not applicable,3,Exceeded Speed Limit,14,Operated Motor Vehicle in Reckless or Aggressive Manner,88,Not Applicable,88,Not Applicable,88,Not Applicable,99,Unknown if Distracted,,,,,,,,,,,,,,,,,,,,,,,11,"First Row, Left Seat",,Weatogue,,2,State,CT,4,1,No,1,Not Transported,,
1148612,1,1,65,2,Female,CT,6251,1,Driver,K,Fatal Injury (K),1,Apparently Normal,88,Not Applicable,0,None taken,3,Test Given,1,Blood,3,Test Given,1,Blood,1,Not Ejected,0,None Used-Motor Vehicle Occupant,88,Not Applicable,6,Deployed-Combination,1,No,1,No Contributing Action,88,Not Applicable,88,Not Applicable,88,Not Applicable,99,Unknown if Distracted,,,,,,,,,,,,,,,,,,,,,,,11,"First Row, Left Seat",,Mansfield Depot,,2,State,CT,4,1,No,1,Not Transported,Hebron,
1150745,1,1,75,1,Male,CT,6360,1,Driver,K,Fatal Injury (K),4,"Ill (sick), Fainted",,,0,None taken,1,Test Not Given,88,Not Applicable,1,Test Not Given,88,Not Applicable,1,Not Ejected,99,Unknown,88,Not Applicable,6,Deployed-Combination,99,Unknown,2,Ran Off Roadway,,,,,,,99,Unknown if Distracted,,,,,,,,,,,,,,,,,,,,,,,11,"First Row, Left Seat",,NORWICH,,,,CT,,,,3,EMS Ground,American Ambulance,Lawrence & Memorial Hospital
1151026,1,1,17,1,Male,CT,6615,1,Driver,K,Fatal Injury (K),99,Unknown,88,Not Applicable,0,None taken,1,Test Not Given,88,Not Applicable,1,Test Not Given,88,Not Applicable,1,Not Ejected,0,None Used-Motor Vehicle Occupant,88,Not Applicable,3,Deployed-Side,3,Exceeded Speed Limit,2,Ran Off Roadway,14,Operated Motor Vehicle in Reckless or Aggressive Manner,88,Not Applicable,88,Not Applicable,99,Unknown if Distracted,,,,,,,,,,,,,,,,,,,,,,,11,"First Row, Left Seat",,Stratford,,2,State,CT,4,1,No,3,EMS Ground,Stratford EMS,Bridgeport Hospital
1151133,1,1,21,1,Male,CT,6606,1,Driver,K,Fatal Injury (K),6,Under the Influence of Medications/Drugs/Alcohol,88,Not Applicable,0,None taken,3,Test Given,1,Blood,3,Test Given,1,Blood,1,Not Ejected,1,Shoulder and Lap Belt Used,88,Not Applicable,6,Deployed-Combination,1,No,2,Ran Off Roadway,88,Not Applicable,88,Not Applicable,88,Not Applicable,99,Unknown if Distracted,,,,,,,,,,,,,,,,,,,,,,,11,"First Row, Left Seat",,Bridgeport,UnitedStates,2,State,CT,4,1,No,3,EMS Ground,SEMS,STAMFORD HOSPITAL
1151936,1,1,44,1,Male,CT,06902-,1,Driver,K,Fatal Injury (K),99,Unknown,99,Unknown,0,None taken,3,Test Given,1,Blood,3,Test Given,1,Blood,1,Not Ejected,0,None Used-Motor Vehicle Occupant,88,Not Applicable,6,Deployed-Combination,1,No,2,Ran Off Roadway,88,Not Applicable,88,Not Applicable,88,Not Applicable,1,Not Distracted,,,,,,,,,,,,,,,,,,,,,,,11,"First Row, Left Seat",,STAMFORD,UnitedStates,2,State,CT,4,1,No,3,EMS Ground,STAMFORD EMS,STAMFORD HOSPITAL
1152164,,2,32,1,Male,CT,6790,3,Pedestrian,K,Fatal Injury (K),99,Unknown,88,Not Applicable,0,None taken,1,Test Not Given,88,Not Applicable,1,Test Not Given,88,Not Applicable,,,,,,,,,,,,,,,,,,,,,Interstate 84,E,FALSE,1,,FALSE,1,Crossing Roadway,1,No,5,"In Roadway Improperly (Standing, Lying, Working, Playing)",6,"Disabled Vehicle Related (Working on, Pushing, Leaving/Approaching)",5,Travel Lane-Other Location,0,None,88,Not Applicable,99,Unknown if Distracted,,,,Torrington,,2,State,CT,,,,3,EMS Ground,AMR,SAINT FRANCIS
1152236,2,2,28,1,Male,CT,6514,1,Driver,K,Fatal Injury (K),99,Unknown,88,Not Applicable,0,None taken,1,Test Not Given,88,Not Applicable,1,Test Not Given,88,Not Applicable,1,Not Ejected,99,Unknown,88,Not Applicable,6,Deployed-Combination,99,Unknown,99,Unknown,88,Not Applicable,88,Not Applicable,88,Not Applicable,99,Unknown if Distracted,,,,,,,,,,,,,,,,,,,,,,,11,"First Row, Left Seat",,Hamden,,2,State,CT,4,1,No,1,Not Transported,,
1152745,1,3,79,2,Female,CT,6268,2,Passenger,K,Fatal Injury (K),,,,,,,,,,,,,,,1,Not Ejected,1,Shoulder and Lap Belt Used,88,Not Applicable,6,Deployed-Combination,,,88,Not Applicable,88,Not Applicable,88,Not Applicable,88,Not Applicable,,,,,,,,,,,,,,,,,,,,,,,,,13,"First Row, Right Seat",,Storrs,,,,CT,,,,1,Not Transported,,
1153919,1,4,19,2,Female,CT,6801,2,Passenger,K,Fatal Injury (K),,,,,,,,,,,,,,,1,Not Ejected,0,None Used-Motor Vehicle Occupant,88,Not Applicable,99,Unknown,,,88,Not Applicable,88,Not Applicable,88,Not Applicable,88,Not Applicable,,,,,,,,,,,,,,,,,,,,,,,,,22,"Second Row, Middle Seat",,Bethel,UnitedStates,,,,,,,1,Not Transported,,
1154445,,2,70,1,Male,CT,6511,3,Pedestrian,K,Fatal Injury (K),99,Unknown,,,0,None taken,1,Test Not Given,88,Not Applicable,1,Test Not Given,88,Not Applicable,,,,,,,,,,,,,,,,,,,,,WHALLEY AVE,E,FALSE,1,,FALSE,1,Crossing Roadway,99,Unknown,99,Unknown,88,Not Applicable,1,Intersection-Marked Crosswalk,0,None,88,Not Applicable,99,Unknown if Distracted,,,,New Haven,UnitedStates,,,CT,,,,3,EMS Ground,AMER MED RESPONSE,YALE-NH HOSP
1154539,2,2,25,1,Male,CT,6716,1,Driver,K,Fatal Injury (K),99,Unknown,88,Not Applicable,0,None taken,99,Unknown if Tested,88,Not Applicable,99,Unknown if Tested,88,Not Applicable,1,Not Ejected,99,Unknown,88,Not Applicable,6,Deployed-Combination,99,Unknown,99,Unknown,88,Not Applicable,88,Not Applicable,88,Not Applicable,99,Unknown if Distracted,,,,,,,,,,,,,,,,,,,,,,,11,"First Row, Left Seat",,Wolcott,,2,State,CT,4,1,No,1,Not Transported,OCME,OCME
1154539,2,6,23,2,Female,CT,6611,2,Passenger,K,Fatal Injury (K),,,,,,,,,,,,,,,1,Not Ejected,99,Unknown,88,Not Applicable,6,Deployed-Combination,,,88,Not Applicable,88,Not Applicable,88,Not Applicable,88,Not Applicable,,,,,,,,,,,,,,,,,,,,,,,,,13,"First Row, Right Seat",,Trumbull,,,,CT,,,,1,Not Transported,OCME,OCME
1154539,3,3,26,1,Male,CT,6513,1,Driver,K,Fatal Injury (K),99,Unknown,88,Not Applicable,0,None taken,99,Unknown if Tested,88,Not Applicable,99,Unknown if Tested,88,Not Applicable,1,Not Ejected,99,Unknown,88,Not Applicable,6,Deployed-Combination,99,Unknown,99,Unknown,88,Not Applicable,88,Not Applicable,88,Not Applicable,99,Unknown if Distracted,,,,,,,,,,,,,,,,,,,,,,,11,"First Row, Left Seat",,New Haven,,2,State,CT,4,1,No,3,EMS Ground,AMR,Yale New Haven Hospital
1154539,2,5,22,2,Female,CT,6851,2,Passenger,K,Fatal Injury (K),,,,,,,,,,,,,,,1,Not Ejected,99,Unknown,88,Not Applicable,6,Deployed-Combination,,,88,Not Applicable,88,Not Applicable,88,Not Applicable,88,Not Applicable,,,,,,,,,,,,,,,,,,,,,,,,,23,"Second Row, Right Seat",,Norwalk,,,,CT,,,,1,Not Transported,OCME,OCME
1155606,2,3,17,2,Female,CT,6405,2,Passenger,K,Fatal Injury (K),,,,,,,1,Test Not Given,88,Not Applicable,1,Test Not Given,88,Not Applicable,3,"Ejected, Totally",99,Unknown,88,Not Applicable,99,Unknown,,,88,Not Applicable,88,Not Applicable,88,Not Applicable,88,Not Applicable,,,,,,,,,,,,,,,,,,,,,,,,,13,"First Row, Right Seat",,Branford,,2,State,CT,,,,3,EMS Ground,AMR,YALE-NEW HAVEN
1155608,1,1,70,1,Male,CT,6066,1,Driver,K,Fatal Injury (K),99,Unknown,88,Not Applicable,0,None taken,1,Test Not Given,88,Not Applicable,1,Test Not Given,88,Not Applicable,1,Not Ejected,88,Not Applicable,2,DOT-Compliant Motorcycle Helmet,88,Not applicable,99,Unknown,99,Unknown,88,Not Applicable,88,Not Applicable,88,Not Applicable,99,Unknown if Distracted,,,,,,,,,,,,,,,,,,,,,,,11,"First Row, Left Seat",,Vernon Rockville,,2,State,CT,4,1,No,3,EMS Ground,ASM,HARTFORD HOSPITAL
1156021,1,2,19,1,Male,CT,6360,2,Passenger,K,Fatal Injury (K),,,,,,,,,,,,,,,1,Not Ejected,99,Unknown,88,Not Applicable,6,Deployed-Combination,,,88,Not Applicable,88,Not Applicable,88,Not Applicable,88,Not Applicable,,,,,,,,,,,,,,,,,,,,,,,,,13,"First Row, Right Seat",,Norwich,,,,CT,,,,3,EMS Ground,,Backus Hospital
1156389,1,1,65,1,Male,CT,6492,1,Driver,K,Fatal Injury (K),4,"Ill (sick), Fainted",88,Not Applicable,0,None taken,1,Test Not Given,88,Not Applicable,1,Test Not Given,88,Not Applicable,1,Not Ejected,0,None Used-Motor Vehicle Occupant,88,Not Applicable,1,Not Deployed,3,Exceeded Speed Limit,2,Ran Off Roadway,88,Not Applicable,88,Not Applicable,88,Not Applicable,99,Unknown if Distracted,,,,,,,,,,,,,,,,,,,,,,,11,"First Row, Left Seat",,Wallingford,,2,State,CT,4,1,No,3,EMS Ground,,MidState Medical Center
1156862,2,2,41,1,Male,CT,6420,1,Driver,K,Fatal Injury (K),6,Under the Influence of Medications/Drugs/Alcohol,88,Not Applicable,0,None taken,3,Test Given,1,Blood,3,Test Given,1,Blood,1,Not Ejected,0,None Used-Motor Vehicle Occupant,88,Not Applicable,6,Deployed-Combination,1,No,3,Failed to Yield Right-of-Way,88,Not Applicable,88,Not Applicable,88,Not Applicable,1,Not Distracted,,,,,,,,,,,,,,,,,,,,,,,11,"First Row, Left Seat",,Salem,,2,State,CT,4,1,No,3,EMS Ground,Salem EMS,BACKUS HOSPITAL
1157615,,2,88,2,Female,CT,6340,3,Pedestrian,K,Fatal Injury (K),1,Apparently Normal,88,Not Applicable,0,None taken,1,Test Not Given,88,Not Applicable,1,Test Not Given,88,Not Applicable,,,,,,,,,,,,,,,,,,,,,pkg lot rdwy,N,FALSE,1,,FALSE,1,Crossing Roadway,1,No,1,No Improper Action,,,5,Travel Lane-Other Location,0,None,,,1,Not Distracted,,,,Groton Long Pnt,,,,CT,,,,3,EMS Ground,New London Fire Department,Lawrence and Memorial Hospital
1158206,1,1,47,1,Male,CT,6513,1,Driver,K,Fatal Injury (K),4,"Ill (sick), Fainted",88,Not Applicable,0,None taken,1,Test Not Given,88,Not Applicable,1,Test Not Given,88,Not Applicable,1,Not Ejected,0,None Used-Motor Vehicle Occupant,88,Not Applicable,6,Deployed-Combination,1,No,12,Followed Too Closely,2,Ran Off Roadway,88,Not Applicable,88,Not Applicable,99,Unknown if Distracted,,,,,,,,,,,,,,,,,,,,,,,11,"First Row, Left Seat",,East Haven     ,,2,State,CT,4,1,No,3,EMS Ground,AMR,Yale New Haven Hospital 
1159351,1,1,20,1,Male,CT,6053,1,Driver,K,Fatal Injury (K),99,Unknown,,,0,None taken,1,Test Not Given,88,Not Applicable,1,Test Not Given,88,Not Applicable,1,Not Ejected,99,Unknown,88,Not Applicable,99,Unknown,3,Exceeded Speed Limit,4,Ran Red Light,88,Not Applicable,88,Not Applicable,88,Not Applicable,99,Unknown if Distracted,,,,,,,,,,,,,,,,,,,,,,,11,"First Row, Left Seat",,NEW BRITAIN,UnitedStates,2,State,CT,4,1,No,3,EMS Ground,AMER MED RESPONSE,YALE-NH HOSP
1159555,1,3,70,2,Female,CT,6457,2,Passenger,K,Fatal Injury (K),,,,,,,,,,,,,,,1,Not Ejected,1,Shoulder and Lap Belt Used,88,Not Applicable,6,Deployed-Combination,,,88,Not Applicable,88,Not Applicable,88,Not Applicable,88,Not Applicable,,,,,,,,,,,,,,,,,,,,,,,,,13,"First Row, Right Seat",,Middletown,,,,CT,,,,3,EMS Ground,EMS Wolcott,St. Mary's Hospital
1160482,1,3,80,1,Male,CT,6612,2,Passenger,K,Fatal Injury (K),,,,,,,,,,,,,,,1,Not Ejected,99,Unknown,88,Not Applicable,6,Deployed-Combination,,,88,Not Applicable,88,Not Applicable,88,Not Applicable,88,Not Applicable,,,,,,,,,,,,,,,,,,,,,,,,,13,"First Row, Right Seat",,Easton,,,,CT,,,,1,Not Transported,Trumbull E.M.S.,O.C.M.E.
1160482,1,1,65,1,Male,CT,6612,1,Driver,K,Fatal Injury (K),99,Unknown,88,Not Applicable,0,None taken,99,Unknown if Tested,88,Not Applicable,99,Unknown if Tested,88,Not Applicable,1,Not Ejected,99,Unknown,88,Not Applicable,6,Deployed-Combination,99,Unknown,99,Unknown,88,Not Applicable,88,Not Applicable,88,Not Applicable,99,Unknown if Distracted,,,,,,,,,,,,,,,,,,,,,,,11,"First Row, Left Seat",,Easton,,2,State,CT,4,1,No,1,Not Transported,Stratford E.M.S.,O.C.M.E.
1160482,2,2,21,1,Male,MA,1778,1,Driver,K,Fatal Injury (K),99,Unknown,88,Not Applicable,0,None taken,99,Unknown if Tested,88,Not Applicable,99,Unknown if Tested,88,Not Applicable,1,Not Ejected,99,Unknown,88,Not Applicable,2,Deployed-Front,99,Unknown,99,Unknown,88,Not Applicable,88,Not Applicable,88,Not Applicable,99,Unknown if Distracted,,,,,,,,,,,,,,,,,,,,,,,11,"First Row, Left Seat",,WAYLAND,,2,State,MA,99,1,No,1,Not Transported,Trumbull E.M.S.,O.C.M.E. 
1160482,1,4,81,2,Female,CT,6612,2,Passenger,K,Fatal Injury (K),,,,,,,,,,,,,,,1,Not Ejected,99,Unknown,88,Not Applicable,6,Deployed-Combination,,,88,Not Applicable,88,Not Applicable,88,Not Applicable,88,Not Applicable,,,,,,,,,,,,,,,,,,,,,,,,,22,"Second Row, Middle Seat",,Easton,,,,CT,,,,1,Not Transported,Stratford E.M.S.,O.C.M.E. 
1160509,1,1,42,1,Male,CT,6604,1,Driver,K,Fatal Injury (K),99,Unknown,88,Not Applicable,0,None taken,99,Unknown if Tested,88,Not Applicable,99,Unknown if Tested,88,Not Applicable,1,Not Ejected,99,Unknown,88,Not Applicable,6,Deployed-Combination,1,No,2,Ran Off Roadway,88,Not Applicable,88,Not Applicable,88,Not Applicable,99,Unknown if Distracted,,,,,,,,,,,,,,,,,,,,,,,11,"First Row, Left Seat",,Bridgeport,,2,State,CT,4,1,No,97,Other,O.C.M.E.,O.C.M.E.
1160987,1,1,70,2,Female,CT,6794,1,Driver,K,Fatal Injury (K),1,Apparently Normal,88,Not Applicable,0,None taken,1,Test Not Given,88,Not Applicable,1,Test Not Given,88,Not Applicable,1,Not Ejected,1,Shoulder and Lap Belt Used,88,Not Applicable,2,Deployed-Front,1,No,1,No Contributing Action,88,Not Applicable,88,Not Applicable,88,Not Applicable,1,Not Distracted,,,,,,,,,,,,,,,,,,,,,,,11,"First Row, Left Seat",,Washington Depot,,2,State,CT,4,1,No,3,EMS Ground,Ridgefield Fire Department,Danbury Hospital
1161580,,3,65,1,Male,CT,6471,3,Pedestrian,K,Fatal Injury (K),99,Unknown,88,Not Applicable,0,None taken,1,Test Not Given,88,Not Applicable,1,Test Not Given,88,Not Applicable,,,,,,,,,,,,,,,,,,,,,Foxon Road,E,FALSE,1,,FALSE,3,Walking/Cycling along Roadway Along Traffic (In or Adjacent to Travel Lane),1,No,9,"Not Visible (Dark Clothing, No Lighting, etc.)",99,Unknown,7,Shoulder/Roadside,0,None,88,Not Applicable,99,Unknown if Distracted,,,,North Branford,,2,State,CT,,,,1,Not Transported,,
1161914,1,1,69,1,Male,CT,6606,1,Driver,K,Fatal Injury (K),1,Apparently Normal,88,Not Applicable,0,None taken,1,Test Not Given,88,Not Applicable,1,Test Not Given,88,Not Applicable,1,Not Ejected,1,Shoulder and Lap Belt Used,88,Not Applicable,6,Deployed-Combination,99,Unknown,1,No Contributing Action,88,Not Applicable,88,Not Applicable,88,Not Applicable,99,Unknown if Distracted,,,,,,,,,,,,,,,,,,,,,,,11,"First Row, Left Seat",,Bridgeport,,2,State,CT,4,1,No,3,EMS Ground,Trumbull E.M.S.,ST. VINCENT
1161915,1,1,26,1,Male,CT,6096,1,Driver,K,Fatal Injury (K),99,Unknown,88,Not Applicable,0,None taken,1,Test Not Given,88,Not Applicable,1,Test Not Given,88,Not Applicable,1,Not Ejected,0,None Used-Motor Vehicle Occupant,88,Not Applicable,1,Not Deployed,99,Unknown,2,Ran Off Roadway,88,Not Applicable,88,Not Applicable,88,Not Applicable,99,Unknown if Distracted,,,,,,,,,,,,,,,,,,,,,,,11,"First Row, Left Seat",,Windsor Locks,,2,State,CT,4,1,No,3,EMS Ground,Aetna,HARTFORD
1162262,2,3,30,1,Male,CT,6112,1,Driver,K,Fatal Injury (K),99,Unknown,,,0,None taken,99,Unknown if Tested,88,Not Applicable,3,Test Given,1,Blood,3,"Ejected, Totally",88,Not Applicable,1,No Helmet,88,Not applicable,99,Unknown,10,Improper Passing,4,Ran Red Light,,,,,99,Unknown if Distracted,,,,,,,,,,,,,,,,,,,,,,,11,"First Row, Left Seat",,Hartford,,2,State,CT,4,1,No,3,EMS Ground,AMR #917,St. Francis Hospital
1162417,,2,70,1,Male,MA,1201,3,Pedestrian,K,Fatal Injury (K),99,Unknown,88,Not Applicable,0,None taken,99,Unknown if Tested,88,Not Applicable,99,Unknown if Tested,88,Not Applicable,,,,,,,,,,,,,,,,,,,,,Danbury Road,S,FALSE,1,,FALSE,1,Crossing Roadway,1,No,2,Dart/Dash,9,"Not Visible (Dark Clothing, No Lighting, etc.)",5,Travel Lane-Other Location,0,None,88,Not Applicable,1,Not Distracted,,,,Pittsfield,,,,MA,,,,1,Not Transported,,
1163236,1,1,41,1,Male,CT,6112,1,Driver,K,Fatal Injury (K),99,Unknown,88,Not Applicable,0,None taken,1,Test Not Given,88,Not Applicable,1,Test Not Given,88,Not Applicable,1,Not Ejected,88,Not Applicable,2,DOT-Compliant Motorcycle Helmet,88,Not applicable,3,Exceeded Speed Limit,2,Ran Off Roadway,88,Not Applicable,88,Not Applicable,88,Not Applicable,99,Unknown if Distracted,,,,,,,,,,,,,,,,,,,,,,,11,"First Row, Left Seat",,Hartford,UnitedStates,2,State,CT,4,1,No,97,Other,,Chief Medical Examiner's Office
1163589,1,1,50,1,Male,CT,6118,1,Driver,K,Fatal Injury (K),97,Other,88,Not Applicable,0,None taken,1,Test Not Given,88,Not Applicable,1,Test Not Given,88,Not Applicable,1,Not Ejected,0,None Used-Motor Vehicle Occupant,88,Not Applicable,6,Deployed-Combination,99,Unknown,4,Ran Red Light,13,Failed to Keep in Proper Lane,88,Not Applicable,88,Not Applicable,99,Unknown if Distracted,,,,,,,,,,,,,,,,,,,,,,,11,"First Row, Left Seat",,East Hartford,,2,State,CT,4,1,No,3,EMS Ground,Windsor Ems,Harford Hospital
1165926,2,2,74,1,Male,CT,6512,1,Driver,K,Fatal Injury (K),99,Unknown,88,Not Applicable,0,None taken,1,Test Not Given,88,Not Applicable,1,Test Not Given,88,Not Applicable,1,Not Ejected,88,Not Applicable,2,DOT-Compliant Motorcycle Helmet,88,Not applicable,99,Unknown,3,Failed to Yield Right-of-Way,88,Not Applicable,88,Not Applicable,88,Not Applicable,99,Unknown if Distracted,,,,,,,,,,,,,,,,,,,,,,,11,"First Row, Left Seat",,East Haven,,2,State,CT,4,1,No,1,Not Transported,,
1166699,1,1,39,2,Female,CT,6232,1,Driver,K,Fatal Injury (K),97,Other,88,Not Applicable,0,None taken,3,Test Given,1,Blood,3,Test Given,1,Blood,1,Not Ejected,1,Shoulder and Lap Belt Used,88,Not Applicable,6,Deployed-Combination,1,No,2,Ran Off Roadway,88,Not Applicable,88,Not Applicable,88,Not Applicable,99,Unknown if Distracted,,,,,,,,,,,,,,,,,,,,,,,11,"First Row, Left Seat",,Andover,,2,State,CT,4,1,No,3,EMS Ground,Colchester,Middlesex Clinic
1166824,1,1,57,1,Male,CT,,1,Driver,K,Fatal Injury (K),2,Physically Impaired,88,Not Applicable,0,None taken,1,Test Not Given,88,Not Applicable,1,Test Not Given,88,Not Applicable,1,Not Ejected,88,Not Applicable,4,"Helmet, Unknown If DOT-Compliant",88,Not applicable,99,Unknown,2,Ran Off Roadway,88,Not Applicable,88,Not Applicable,88,Not Applicable,99,Unknown if Distracted,,,,,,,,,,,,,,,,,,,,,,,11,"First Row, Left Seat",,Danbury,UnitedStates,2,State,NY,4,1,No,1,Not Transported,,
1167603,,3,28,1,Male,NY,11221,3,Pedestrian,K,Fatal Injury (K),6,Under the Influence of Medications/Drugs/Alcohol,88,Not Applicable,0,None taken,1,Test Not Given,88,Not Applicable,1,Test Not Given,88,Not Applicable,,,,,,,,,,,,,,,,,,,,,Interstate 84,W,FALSE,1,,FALSE,99,Unknown,1,No,5,"In Roadway Improperly (Standing, Lying, Working, Playing)",88,Not Applicable,5,Travel Lane-Other Location,0,None,88,Not Applicable,99,Unknown if Distracted,,,,Brooklyn,,2,State,NY,,,,1,Not Transported,ASM,
1167610,3,3,33,1,Male,CT,6082,1,Driver,K,Fatal Injury (K),99,Unknown,88,Not Applicable,0,None taken,1,Test Not Given,88,Not Applicable,1,Test Not Given,88,Not Applicable,1,Not Ejected,88,Not Applicable,4,"Helmet, Unknown If DOT-Compliant",88,Not applicable,99,Unknown,12,Followed Too Closely,88,Not Applicable,88,Not Applicable,88,Not Applicable,99,Unknown if Distracted,,,,,,,,,,,,,,,,,,,,,,,11,"First Row, Left Seat",,Enfield,,2,State,CT,4,1,No,1,Not Transported,Windsor EMS,
1168138,,3,47,2,Female,CT,6512,3,Pedestrian,K,Fatal Injury (K),99,Unknown,88,Not Applicable,0,None taken,1,Test Not Given,88,Not Applicable,1,Test Not Given,88,Not Applicable,,,,,,,,,,,,,,,,,,,,,Main St,,TRUE,1,,FALSE,1,Crossing Roadway,1,No,1,No Improper Action,,,5,Travel Lane-Other Location,0,None,,,99,Unknown if Distracted,,,,East Haven,,,,CT,,,,1,Not Transported,,
1168442,1,1,45,1,Male,CT,6331,1,Driver,K,Fatal Injury (K),6,Under the Influence of Medications/Drugs/Alcohol,88,Not Applicable,0,None taken,3,Test Given,1,Blood,1,Test Not Given,88,Not Applicable,1,Not Ejected,88,Not Applicable,2,DOT-Compliant Motorcycle Helmet,88,Not applicable,99,Unknown,2,Ran Off Roadway,88,Not Applicable,88,Not Applicable,88,Not Applicable,99,Unknown if Distracted,,,,,,,,,,,,,,,,,,,,,,,11,"First Row, Left Seat",,Canterbury,,2,State,CT,5,1,No,3,EMS Ground,American Ambulance,BACKUS
1168577,1,4,96,2,Female,CT,6405,2,Passenger,K,Fatal Injury (K),,,,,,,,,,,,,,,1,Not Ejected,99,Unknown,88,Not Applicable,4,Deployed-Curtain,,,88,Not Applicable,88,Not Applicable,88,Not Applicable,88,Not Applicable,,,,,,,,,,,,,,,,,,,,,,,,,23,"Second Row, Right Seat",,Branford,,,,CT,,,,3,EMS Ground,,Wiliam W. Backus
1169492,1,1,23,1,Male,CT,6052,1,Driver,K,Fatal Injury (K),99,Unknown,88,Not Applicable,0,None taken,1,Test Not Given,88,Not Applicable,1,Test Not Given,88,Not Applicable,3,"Ejected, Totally",88,Not Applicable,2,DOT-Compliant Motorcycle Helmet,88,Not applicable,3,Exceeded Speed Limit,6,Disregarded Other Traffic Sign,10,Improper Passing,97,Other Contributing Action,88,Not Applicable,99,Unknown if Distracted,,,,,,,,,,,,,,,,,,,,,,,11,"First Row, Left Seat",,NEW BRITAIN,UnitedStates,2,State,CT ,4,1,No,3,EMS Ground,NBEMS,THOCC
1171655,1,1,24,99,Unknown,CT,6484,1,Driver,K,Fatal Injury (K),99,Unknown,88,Not Applicable,0,None taken,1,Test Not Given,88,Not Applicable,1,Test Not Given,88,Not Applicable,1,Not Ejected,99,Unknown,88,Not Applicable,6,Deployed-Combination,3,Exceeded Speed Limit,14,Operated Motor Vehicle in Reckless or Aggressive Manner,2,Ran Off Roadway,88,Not Applicable,88,Not Applicable,99,Unknown if Distracted,,,,,,,,,,,,,,,,,,,,,,,11,"First Row, Left Seat",,Shelton,,2,State,CT,4,1,No,3,EMS Ground,Echo Hose,Bridgeport Hospital
1171743,,2,59,2,Female,CT,6850,3,Pedestrian,K,Fatal Injury (K),99,Unknown,88,Not Applicable,0,None taken,99,Unknown if Tested,88,Not Applicable,99,Unknown if Tested,88,Not Applicable,,,,,,,,,,,,,,,,,,,,,Private roadway paralell to Riverside Avenue,N,FALSE,1,,FALSE,99,Unknown,1,No,99,Unknown,88,Not Applicable,3,Intersection  Other,99,Unknown,88,Not Applicable,99,Unknown if Distracted,,,,Norwalk,,2,State,CT,,,,3,EMS Ground,Norwalk Hospital EMS,NORWALK HOSPITAL
1172071,2,2,44,1,Male,CT,6052,1,Driver,K,Fatal Injury (K),6,Under the Influence of Medications/Drugs/Alcohol,88,Not Applicable,0,None taken,3,Test Given,1,Blood,3,Test Given,1,Blood,1,Not Ejected,0,None Used-Motor Vehicle Occupant,88,Not Applicable,6,Deployed-Combination,3,Exceeded Speed Limit,12,Followed Too Closely,88,Not Applicable,88,Not Applicable,88,Not Applicable,99,Unknown if Distracted,,,,,,,,,,,,,,,,,,,,,,,11,"First Row, Left Seat",,New Britain,,2,State,CT,4,1,No,1,Not Transported,,
1172083,1,1,27,1,Male,CT,6419,1,Driver,K,Fatal Injury (K),99,Unknown,88,Not Applicable,0,None taken,1,Test Not Given,88,Not Applicable,1,Test Not Given,88,Not Applicable,1,Not Ejected,88,Not Applicable,2,DOT-Compliant Motorcycle Helmet,88,Not applicable,99,Unknown,2,Ran Off Roadway,88,Not Applicable,88,Not Applicable,88,Not Applicable,99,Unknown if Distracted,,,,,,,,,,,,,,,,,,,,,,,11,"First Row, Left Seat",,Killingworth,,2,State,CT,4,1,No,3,EMS Ground,Chester EMS,Middlesex Hospital
1172518,1,1,35,1,Male,CT,6607,1,Driver,K,Fatal Injury (K),1,Apparently Normal,88,Not Applicable,0,None taken,1,Test Not Given,88,Not Applicable,1,Test Not Given,88,Not Applicable,1,Not Ejected,88,Not Applicable,4,"Helmet, Unknown If DOT-Compliant",1,Not Deployed,99,Unknown,99,Unknown,88,Not Applicable,88,Not Applicable,88,Not Applicable,1,Not Distracted,,,,,,,,,,,,,,,,,,,,,,,11,"First Row, Left Seat",,Bridgeport,,2,State,CT,4,1,No,3,EMS Ground,AMR,Bridgeport Hospital
1172768,1,1,23,1,Male,CT,6479,1,Driver,K,Fatal Injury (K),99,Unknown,88,Not Applicable,0,None taken,1,Test Not Given,88,Not Applicable,1,Test Not Given,88,Not Applicable,1,Not Ejected,88,Not Applicable,2,DOT-Compliant Motorcycle Helmet,88,Not applicable,3,Exceeded Speed Limit,14,Operated Motor Vehicle in Reckless or Aggressive Manner,2,Ran Off Roadway,88,Not Applicable,88,Not Applicable,99,Unknown if Distracted,,,,,,,,,,,,,,,,,,,,,,,11,"First Row, Left Seat",,Plantsville,,2,State,CT,4,1,No,1,Not Transported,Windsor EMS,
1173370,1,1,71,1,Male,CT,6401,1,Driver,K,Fatal Injury (K),97,Other,,,0,None taken,1,Test Not Given,88,Not Applicable,1,Test Not Given,88,Not Applicable,1,Not Ejected,99,Unknown,88,Not Applicable,1,Not Deployed,1,No,99,Unknown,,,,,,,99,Unknown if Distracted,,,,,,,,,,,,,,,,,,,,,,,11,"First Row, Left Seat",,ANSONIA,Unknown,2,State,CT,4,1,No,3,EMS Ground,AMR,Yale New Haven Hospital
1174028,1,1,30,1,Male,CT,6401,1,Driver,K,Fatal Injury (K),99,Unknown,88,Not Applicable,0,None taken,1,Test Not Given,88,Not Applicable,1,Test Not Given,88,Not Applicable,1,Not Ejected,88,Not Applicable,4,"Helmet, Unknown If DOT-Compliant",88,Not applicable,99,Unknown,12,Followed Too Closely,88,Not Applicable,88,Not Applicable,88,Not Applicable,99,Unknown if Distracted,,,,,,,,,,,,,,,,,,,,,,,11,"First Row, Left Seat",,Ansonia,,2,State,CT,4,1,No,3,EMS Ground,Nuvaunce,Danbury Hospital
1174723,2,2,72,1,Male,CT,6082,1,Driver,K,Fatal Injury (K),1,Apparently Normal,88,Not Applicable,0,None taken,1,Test Not Given,88,Not Applicable,1,Test Not Given,88,Not Applicable,88,Not Applicable,88,Not Applicable,1,No Helmet,88,Not applicable,99,Unknown,12,Followed Too Closely,88,Not Applicable,88,Not Applicable,88,Not Applicable,99,Unknown if Distracted,,,,,,,,,,,,,,,,,,,,,,,11,"First Row, Left Seat",,Enfield,,2,State,CT,4,1,No,2,EMS Air,LifeStar,HARTFORD 
1174960,1,1,23,1,Male,CT,6441,1,Driver,K,Fatal Injury (K),99,Unknown,88,Not Applicable,0,None taken,1,Test Not Given,88,Not Applicable,1,Test Not Given,88,Not Applicable,1,Not Ejected,1,Shoulder and Lap Belt Used,88,Not Applicable,6,Deployed-Combination,99,Unknown,2,Ran Off Roadway,88,Not Applicable,88,Not Applicable,88,Not Applicable,99,Unknown if Distracted,,,,,,,,,,,,,,,,,,,,,,,11,"First Row, Left Seat",,Higganum,,2,State,CT,4,1,No,3,EMS Ground,Westbrook Ems,Shoreline Clinic
1175747,1,1,53,1,Male,CT,6451,1,Driver,K,Fatal Injury (K),1,Apparently Normal,88,Not Applicable,0,None taken,1,Test Not Given,88,Not Applicable,1,Test Not Given,88,Not Applicable,1,Not Ejected,88,Not Applicable,1,No Helmet,88,Not applicable,1,No,1,No Contributing Action,88,Not Applicable,88,Not Applicable,88,Not Applicable,99,Unknown if Distracted,,,,,,,,,,,,,,,,,,,,,,,11,"First Row, Left Seat",,Meriden,,2,State,CT,5,1,No,1,Not Transported,,
1175960,1,1,63,1,Male,CT,6516,1,Driver,K,Fatal Injury (K),97,Other,,,0,None taken,1,Test Not Given,88,Not Applicable,1,Test Not Given,88,Not Applicable,1,Not Ejected,99,Unknown,88,Not Applicable,6,Deployed-Combination,99,Unknown,1,No Contributing Action,88,Not Applicable,88,Not Applicable,88,Not Applicable,99,Unknown if Distracted,,,,,,,,,,,,,,,,,,,,,,,11,"First Row, Left Seat",,West Haven,UnitedStates,2,State,CT,4,2,Yes,3,EMS Ground,AMER MED RESPONSE,YALE-NH HOSP
1176088,,2,34,1,Male,CT,6010,3,Pedestrian,K,Fatal Injury (K),99,Unknown,88,Not Applicable,0,None taken,1,Test Not Given,88,Not Applicable,1,Test Not Given,88,Not Applicable,,,,,,,,,,,,,,,,,,,,,Pine Street,S,FALSE,1,,FALSE,1,Crossing Roadway,1,No,99,Unknown,88,Not Applicable,99,Unknown,0,None,88,Not Applicable,99,Unknown if Distracted,,,,BRISTOL,UnitedStates,2,State,CT,,,,3,EMS Ground,Bristol EMS,St Francis 
1176088,,3,37,2,Female,CT,6716,3,Pedestrian,K,Fatal Injury (K),99,Unknown,88,Not Applicable,0,None taken,1,Test Not Given,88,Not Applicable,1,Test Not Given,88,Not Applicable,,,,,,,,,,,,,,,,,,,,,Pine Street,S,FALSE,1,,FALSE,1,Crossing Roadway,1,No,99,Unknown,88,Not Applicable,99,Unknown,0,None,88,Not Applicable,99,Unknown if Distracted,,,,Wolcott,,2,State,CT,,,,3,EMS Ground,AMR,Bristol
1176111,1,1,20,1,Male,CT,6118,1,Driver,K,Fatal Injury (K),6,Under the Influence of Medications/Drugs/Alcohol,88,Not Applicable,0,None taken,3,Test Given,1,Blood,3,Test Given,1,Blood,1,Not Ejected,1,Shoulder and Lap Belt Used,88,Not Applicable,99,Unknown,3,Exceeded Speed Limit,2,Ran Off Roadway,14,Operated Motor Vehicle in Reckless or Aggressive Manner,88,Not Applicable,88,Not Applicable,99,Unknown if Distracted,,,,,,,,,,,,,,,,,,,,,,,11,"First Row, Left Seat",,East Hartford,,2,State,CT,4,1,No,1,Not Transported,Hebron,
1176559,,3,45,2,Female,CT,6010,3,Pedestrian,K,Fatal Injury (K),99,Unknown,88,Not Applicable,0,None taken,1,Test Not Given,88,Not Applicable,1,Test Not Given,88,Not Applicable,,,,,,,,,,,,,,,,,,,,,Arch Street,W,,1,,FALSE,1,Crossing Roadway,1,No,3,Failure to Yield Right-Of-Way,88,Not Applicable,5,Travel Lane-Other Location,0,None,88,Not Applicable,99,Unknown if Distracted,,,,BRISTOL,UnitedStates,2,State,CT ,0,1,No,3,EMS Ground,New Britain EMS,Hospital of Central Connecticut New Britain Campus
1176606,1,1,35,2,Female,CT,6226,1,Driver,K,Fatal Injury (K),97,Other,88,Not Applicable,0,None taken,1,Test Not Given,88,Not Applicable,1,Test Not Given,88,Not Applicable,1,Not Ejected,0,None Used-Motor Vehicle Occupant,88,Not Applicable,6,Deployed-Combination,99,Unknown,3,Failed to Yield Right-of-Way,88,Not Applicable,88,Not Applicable,88,Not Applicable,99,Unknown if Distracted,,,,,,,,,,,,,,,,,,,,,,,11,"First Row, Left Seat",,Willimantic,,2,State,MA,,1,No,1,Not Transported,,
1176923,1,1,44,1,Male,CT,6511,1,Driver,K,Fatal Injury (K),6,Under the Influence of Medications/Drugs/Alcohol,88,Not Applicable,0,None taken,3,Test Given,97,Other,3,Test Given,97,Other,1,Not Ejected,1,Shoulder and Lap Belt Used,88,Not Applicable,6,Deployed-Combination,3,Exceeded Speed Limit,2,Ran Off Roadway,15,"Operated Motor Vehicle in Inattentive, Careless, Negligent, or Erratic Manner",88,Not Applicable,88,Not Applicable,1,Not Distracted,,,,,,,,,,,,,,,,,,,,,,,11,"First Row, Left Seat",,New Haven,,2,State,CT,4,1,No,1,Not Transported,,
1177148,,4,65,1,Male,CT,6042,3,Pedestrian,K,Fatal Injury (K),99,Unknown,88,Not Applicable,0,None taken,1,Test Not Given,88,Not Applicable,1,Test Not Given,88,Not Applicable,,,,,,,,,,,,,,,,,,,,,I-84,E,FALSE,1,,FALSE,4,Walking/Cycling along Roadway Against Traffic (In or Adjacent to Travel Lane),1,No,99,Unknown,,,5,Travel Lane-Other Location,0,None,,,99,Unknown if Distracted,,,,Manchester,,2,State,CT,,,,1,Not Transported,,
1177256,1,1,68,1,Male,CT,6420,1,Driver,K,Fatal Injury (K),6,Under the Influence of Medications/Drugs/Alcohol,99,Unknown,0,None taken,3,Test Given,1,Blood,3,Test Given,1,Blood,1,Not Ejected,0,None Used-Motor Vehicle Occupant,88,Not Applicable,6,Deployed-Combination,3,Exceeded Speed Limit,14,Operated Motor Vehicle in Reckless or Aggressive Manner,2,Ran Off Roadway,97,Other Contributing Action,88,Not Applicable,99,Unknown if Distracted,,,,,,,,,,,,,,,,,,,,,,,11,"First Row, Left Seat",,Salem,,2,State,CT,4,1,No,3,EMS Ground,Lebanon,BACKUS HOSPITAL
1178605,,3,34,1,Male,CT,6457,3,Pedestrian,K,Fatal Injury (K),1,Apparently Normal,88,Not Applicable,0,None taken,3,Test Given,1,Blood,3,Test Given,1,Blood,,,,,,,,,,,,,,,,,,,,,Interstate 84 East,E,FALSE,1,,FALSE,8,Working in Trafficway for Incident Response,1,No,1,No Improper Action,88,Not Applicable,7,Shoulder/Roadside,3,Reflective Clothing,88,Not Applicable,1,Not Distracted,,,,MIDDLETOWN,,2,State,CT,,,,1,Not Transported,,
1179084,2,2,44,1,Male,CT,6480,1,Driver,K,Fatal Injury (K),99,Unknown,88,Not Applicable,0,None taken,3,Test Given,1,Blood,3,Test Given,1,Blood,1,Not Ejected,99,Unknown,88,Not Applicable,6,Deployed-Combination,99,Unknown,99,Unknown,88,Not Applicable,88,Not Applicable,88,Not Applicable,99,Unknown if Distracted,,,,,,,,,,,,,,,,,,,,,,,11,"First Row, Left Seat",,PORTLAND,,2,State,CT,4,1,No,1,Not Transported,,
1179126,2,2,34,1,Male,Un,A0B2Y0,1,Driver,K,Fatal Injury (K),99,Unknown,88,Not Applicable,0,None taken,1,Test Not Given,88,Not Applicable,1,Test Not Given,88,Not Applicable,1,Not Ejected,88,Not Applicable,2,DOT-Compliant Motorcycle Helmet,88,Not applicable,99,Unknown,12,Followed Too Closely,88,Not Applicable,88,Not Applicable,88,Not Applicable,99,Unknown if Distracted,,,,,,,,,,,,,,,,,,,,,,,11,"First Row, Left Seat",,"Placentia , CANADA",,5,Canadian Province,99,5,1,No,3,EMS Ground,Newtown Ambulance,Danbury Hospital
1179670,1,1,56,2,Female,CT,6040,1,Driver,K,Fatal Injury (K),99,Unknown,88,Not Applicable,0,None taken,3,Test Given,1,Blood,3,Test Given,1,Blood,1,Not Ejected,0,None Used-Motor Vehicle Occupant,88,Not Applicable,6,Deployed-Combination,3,Exceeded Speed Limit,13,Failed to Keep in Proper Lane,88,Not Applicable,88,Not Applicable,88,Not Applicable,99,Unknown if Distracted,,,,,,,,,,,,,,,,,,,,,,,11,"First Row, Left Seat",,Manchester,,2,State,CT,4,1,No,1,Not Transported,,
1185305,1,1,23,2,Female,CT,6706,1,Driver,K,Fatal Injury (K),6,Under the Influence of Medications/Drugs/Alcohol,88,Not Applicable,0,None taken,1,Test Not Given,88,Not Applicable,1,Test Not Given,88,Not Applicable,1,Not Ejected,0,None Used-Motor Vehicle Occupant,88,Not Applicable,2,Deployed-Front,99,Unknown,15,"Operated Motor Vehicle in Inattentive, Careless, Negligent, or Erratic Manner",14,Operated Motor Vehicle in Reckless or Aggressive Manner,88,Not Applicable,88,Not Applicable,99,Unknown if Distracted,,,,,,,,,,,,,,,,,,,,,,,11,"First Row, Left Seat",,Waterbury,,2,State,CT  ID ONLY,0,1,No,3,EMS Ground,Trinity Ambulance,Waterbury Hospital
1185306,,2,46,1,Male,CT,6702,3,Pedestrian,K,Fatal Injury (K),6,Under the Influence of Medications/Drugs/Alcohol,88,Not Applicable,0,None taken,3,Test Given,97,Other,3,Test Given,97,Other,,,,,,,,,,,,,,,,,,,,,East Main St.,N,FALSE,1,,FALSE,1,Crossing Roadway,1,No,9,"Not Visible (Dark Clothing, No Lighting, etc.)",97,Other,5,Travel Lane-Other Location,0,None,0,None,99,Unknown if Distracted,,,,Waterbury,UnitedStates,1,Not Licensed,,,,,1,Not Transported,,
1185371,,2,34,1,Male,CT,6710,3,Pedestrian,K,Fatal Injury (K),99,Unknown,88,Not Applicable,0,None taken,1,Test Not Given,88,Not Applicable,1,Test Not Given,88,Not Applicable,,,,,,,,,,,,,,,,,,,,,,E,FALSE,1,,FALSE,3,Walking/Cycling along Roadway Along Traffic (In or Adjacent to Travel Lane),1,No,5,"In Roadway Improperly (Standing, Lying, Working, Playing)",88,Not Applicable,5,Travel Lane-Other Location,0,None,88,Not Applicable,1,Not Distracted,,,,Waterbury,,2,State,CT,,,,3,EMS Ground,AMR,WATERBURY HOSPITAL
1185672,,3,24,1,Male,CT,6791,3,Pedestrian,K,Fatal Injury (K),99,Unknown,88,Not Applicable,0,None taken,1,Test Not Given,88,Not Applicable,1,Test Not Given,88,Not Applicable,,,,,,,,,,,,,,,,,,,,,Clearview Avenue,S,FALSE,1,,FALSE,7,"Adjacent to Roadway (e.g., Shoulder, Median)",1,No,99,Unknown,88,Not Applicable,7,Shoulder/Roadside,0,None,88,Not Applicable,99,Unknown if Distracted,,,,Harwinton,UnitedStates,2,State,CT,,,,3,EMS Ground,Harwinton EMS,Charlotte Hungerford Hospital
1186364,,3,40,1,Male,CT,,3,Pedestrian,K,Fatal Injury (K),6,Under the Influence of Medications/Drugs/Alcohol,88,Not Applicable,0,None taken,1,Test Not Given,88,Not Applicable,1,Test Not Given,88,Not Applicable,,,,,,,,,,,,,,,,,,,,,Boston Post Road,W,FALSE,1,,FALSE,1,Crossing Roadway,1,No,9,"Not Visible (Dark Clothing, No Lighting, etc.)",3,Failure to Yield Right-Of-Way,5,Travel Lane-Other Location,0,None,,,99,Unknown if Distracted,,,,New Haven,UnitedStates,,,CT,,,,3,EMS Ground,AMR,Yale New Haven Hospital
1186630,,2,80,1,Male,CT,6708,3,Pedestrian,K,Fatal Injury (K),99,Unknown,88,Not Applicable,0,None taken,1,Test Not Given,88,Not Applicable,1,Test Not Given,88,Not Applicable,,,,,,,,,,,,,,,,,,,,,W. MAIN ST,E,FALSE,1,,FALSE,3,Walking/Cycling along Roadway Along Traffic (In or Adjacent to Travel Lane),1,No,9,"Not Visible (Dark Clothing, No Lighting, etc.)",88,Not Applicable,5,Travel Lane-Other Location,0,None,88,Not Applicable,99,Unknown if Distracted,,,,WATERBURY,,2,State,CT,,,,3,EMS Ground,AMR Ambulance,WATERBURY HOSPITAL
1186958,1,1,72,1,Male,CT,6756,1,Driver,K,Fatal Injury (K),99,Unknown,,,0,None taken,1,Test Not Given,88,Not Applicable,1,Test Not Given,88,Not Applicable,1,Not Ejected,0,None Used-Motor Vehicle Occupant,88,Not Applicable,2,Deployed-Front,1,No,2,Ran Off Roadway,,,,,,,99,Unknown if Distracted,,,,,,,,,,,,,,,,,,,,,,,11,"First Row, Left Seat",,GOSHEN,Unknown,2,State,CT,4,1,No,1,Not Transported,,
1187327,1,1,44,1,Male,CT,6096,1,Driver,K,Fatal Injury (K),99,Unknown,88,Not Applicable,0,None taken,1,Test Not Given,88,Not Applicable,1,Test Not Given,88,Not Applicable,1,Not Ejected,1,Shoulder and Lap Belt Used,88,Not Applicable,1,Not Deployed,3,Exceeded Speed Limit,13,Failed to Keep in Proper Lane,88,Not Applicable,88,Not Applicable,88,Not Applicable,99,Unknown if Distracted,,,,,,,,,,,,,,,,,,,,,,,11,"First Row, Left Seat",,Windsor Locks,,2,State,CT,4,1,No,1,Not Transported,,
1189312,2,2,82,1,Male,CT,6795,1,Driver,K,Fatal Injury (K),99,Unknown,88,Not Applicable,0,None taken,1,Test Not Given,88,Not Applicable,1,Test Not Given,88,Not Applicable,1,Not Ejected,1,Shoulder and Lap Belt Used,88,Not Applicable,6,Deployed-Combination,99,Unknown,99,Unknown,88,Not Applicable,88,Not Applicable,88,Not Applicable,99,Unknown if Distracted,,,,,,,,,,,,,,,,,,,,,,,11,"First Row, Left Seat",,Watertown,,2,State,CT,4,1,No,3,EMS Ground,Litchfield EMS,Waterbury Hospital
1189616,1,1,59,1,Male,CT,6514,1,Driver,K,Fatal Injury (K),99,Unknown,88,Not Applicable,0,None taken,99,Unknown if Tested,88,Not Applicable,99,Unknown if Tested,88,Not Applicable,1,Not Ejected,1,Shoulder and Lap Belt Used,88,Not Applicable,1,Not Deployed,99,Unknown,99,Unknown,88,Not Applicable,88,Not Applicable,88,Not Applicable,99,Unknown if Distracted,,,,,,,,,,,,,,,,,,,,,,,11,"First Row, Left Seat",,Hamden,,2,State,CT,4,1,No,3,EMS Ground,New Haven AMR,YALE NEW HAVEN
1190039,1,1,45,1,Male,CT,6053,1,Driver,K,Fatal Injury (K),99,Unknown,88,Not Applicable,0,None taken,1,Test Not Given,88,Not Applicable,1,Test Not Given,88,Not Applicable,1,Not Ejected,88,Not Applicable,99,Unknown,88,Not applicable,99,Unknown,99,Unknown,88,Not Applicable,88,Not Applicable,88,Not Applicable,99,Unknown if Distracted,,,,,,,,,,,,,,,,,,,,,,,11,"First Row, Left Seat",,New Britain,,2,State,CT,4,1,No,1,Not Transported,,
1190078,2,2,49,1,Male,CT,6082,1,Driver,K,Fatal Injury (K),99,Unknown,88,Not Applicable,0,None taken,99,Unknown if Tested,88,Not Applicable,99,Unknown if Tested,88,Not Applicable,1,Not Ejected,88,Not Applicable,1,No Helmet,88,Not applicable,1,No,99,Unknown,88,Not Applicable,88,Not Applicable,88,Not Applicable,99,Unknown if Distracted,,,,,,,,,,,,,,,,,,,,,,,11,"First Row, Left Seat",,Enfield,UnitedStates,2,State,CT,4,1,No,1,Not Transported,,
1190635,2,2,36,1,Male,CT,6450,1,Driver,K,Fatal Injury (K),1,Apparently Normal,88,Not Applicable,0,None taken,1,Test Not Given,88,Not Applicable,1,Test Not Given,88,Not Applicable,1,Not Ejected,88,Not Applicable,1,No Helmet,88,Not applicable,4,Too Fast for Conditions,14,Operated Motor Vehicle in Reckless or Aggressive Manner,88,Not Applicable,88,Not Applicable,88,Not Applicable,1,Not Distracted,,,,,,,,,,,,,,,,,,,,,,,11,"First Row, Left Seat",,Meriden,,2,State,CT,4,1,No,3,EMS Ground,Hunters Ambulance,New Britain Hospital
1190929,1,1,23,2,Female,CT,6480,1,Driver,K,Fatal Injury (K),99,Unknown,,,0,None taken,99,Unknown if Tested,88,Not Applicable,99,Unknown if Tested,88,Not Applicable,1,Not Ejected,99,Unknown,88,Not Applicable,6,Deployed-Combination,3,Exceeded Speed Limit,1,No Contributing Action,,,,,,,99,Unknown if Distracted,,,,,,,,,,,,,,,,,,,,,,,11,"First Row, Left Seat",,Portland,,,,CT,4,1,No,3,EMS Ground,Aetna 217,
1191790,2,2,37,1,Male,CT,6279,1,Driver,K,Fatal Injury (K),99,Unknown,88,Not Applicable,0,None taken,99,Unknown if Tested,88,Not Applicable,99,Unknown if Tested,88,Not Applicable,1,Not Ejected,0,None Used-Motor Vehicle Occupant,88,Not Applicable,2,Deployed-Front,99,Unknown,13,Failed to Keep in Proper Lane,88,Not Applicable,88,Not Applicable,88,Not Applicable,99,Unknown if Distracted,,,,,,,,,,,,,,,,,,,,,,,11,"First Row, Left Seat",,Willington,UnitedStates,2,State,CT,4,1,No,1,Not Transported,,
1191901,2,2,80,2,Female,CT,6067,1,Driver,K,Fatal Injury (K),1,Apparently Normal,88,Not Applicable,0,None taken,3,Test Given,1,Blood,3,Test Given,1,Blood,1,Not Ejected,1,Shoulder and Lap Belt Used,88,Not Applicable,6,Deployed-Combination,1,No,3,Failed to Yield Right-of-Way,88,Not Applicable,88,Not Applicable,88,Not Applicable,1,Not Distracted,,,,,,,,,,,,,,,,,,,,,,,11,"First Row, Left Seat",,Rocky Hill,,2,State,CT,4,1,No,3,EMS Ground,Middlesex EMS,MIDDLESEX
1192161,,2,39,1,Male,CT,6239,3,Pedestrian,K,Fatal Injury (K),99,Unknown,88,Not Applicable,0,None taken,1,Test Not Given,88,Not Applicable,1,Test Not Given,88,Not Applicable,,,,,,,,,,,,,,,,,,,,,Route 6,W,FALSE,1,,FALSE,1,Crossing Roadway,1,No,4,"Failure to Obey Traffic Signs, Signals, or Officer",9,"Not Visible (Dark Clothing, No Lighting, etc.)",1,Intersection-Marked Crosswalk,0,None,0,None,99,Unknown if Distracted,,,,Danielson,,,,CT,,,,3,EMS Ground,KB Ambulance,DAY KIMBALL HOSPITAL
1192332,1,1,25,1,Male,CT,6401,1,Driver,K,Fatal Injury (K),6,Under the Influence of Medications/Drugs/Alcohol,,,0,None taken,1,Test Not Given,88,Not Applicable,1,Test Not Given,88,Not Applicable,88,Not Applicable,88,Not Applicable,1,No Helmet,1,Not Deployed,99,Unknown,2,Ran Off Roadway,88,Not Applicable,88,Not Applicable,88,Not Applicable,99,Unknown if Distracted,,,,,,,,,,,,,,,,,,,,,,,11,"First Row, Left Seat",,Ansonia,UnitedStates,2,State,CT,4,2,Yes,3,EMS Ground,MILFORD FIRE,YALE NEW HAVEN HOSPITAL
1192483,1,1,56,1,Male,CT,6472,1,Driver,K,Fatal Injury (K),2,Physically Impaired,88,Not Applicable,0,None taken,1,Test Not Given,88,Not Applicable,1,Test Not Given,88,Not Applicable,1,Not Ejected,88,Not Applicable,3,"Helmet, Other Than DOT-Compliant Motorcycle Helmet",1,Not Deployed,99,Unknown,1,No Contributing Action,88,Not Applicable,88,Not Applicable,88,Not Applicable,99,Unknown if Distracted,,,,,,,,,,,,,,,,,,,,,,,11,"First Row, Left Seat",,Northford,,2,State,,4,1,No,3,EMS Ground,Branford Fire Department,Yale New Haven Hospital
1192581,2,3,82,2,Female,CT,6512,2,Passenger,K,Fatal Injury (K),,,,,,,,,,,,,,,1,Not Ejected,99,Unknown,88,Not Applicable,6,Deployed-Combination,,,88,Not Applicable,88,Not Applicable,88,Not Applicable,88,Not Applicable,,,,,,,,,,,,,,,,,,,,,,,,,23,"Second Row, Right Seat",,East Haven,UnitedStates,,,CT,,,,3,EMS Ground,Guilford Fire Emergency,Yale New Haven Hospital
1192923,1,3,6,2,Female,CT,6606,2,Passenger,K,Fatal Injury (K),,,,,,,1,Test Not Given,88,Not Applicable,1,Test Not Given,88,Not Applicable,1,Not Ejected,1,Shoulder and Lap Belt Used,88,Not Applicable,6,Deployed-Combination,,,88,Not Applicable,88,Not Applicable,88,Not Applicable,88,Not Applicable,,,,,,,,,,,,,,,,,,,,,,,,,21,"Second Row, Left Seat",,BRIDGEPORT,,2,State,,,,,3,EMS Ground,Beacon EMS,WATERBURY HOSPITAL
1192923,1,4,3,1,Male,CT,6606,2,Passenger,K,Fatal Injury (K),,,,,,,1,Test Not Given,88,Not Applicable,1,Test Not Given,88,Not Applicable,1,Not Ejected,1,Shoulder and Lap Belt Used,88,Not Applicable,6,Deployed-Combination,,,88,Not Applicable,88,Not Applicable,88,Not Applicable,88,Not Applicable,,,,,,,,,,,,,,,,,,,,,,,,,23,"Second Row, Right Seat",,BRIDGEPORT,,2,State,,,,,3,EMS Ground,Beacon EMS,WATERBURY HOSPITAL
1192923,1,5,25,2,Female,CT,6606,2,Passenger,K,Fatal Injury (K),,,,,,,1,Test Not Given,88,Not Applicable,1,Test Not Given,88,Not Applicable,1,Not Ejected,1,Shoulder and Lap Belt Used,88,Not Applicable,6,Deployed-Combination,,,88,Not Applicable,88,Not Applicable,88,Not Applicable,88,Not Applicable,,,,,,,,,,,,,,,,,,,,,,,,,13,"First Row, Right Seat",,BRIDGEPORT,,2,State,,,,,3,EMS Ground,Beacon EMS,WATERBURY HOSPITAL
1193112,1,1,34,2,Female,CT,6360,1,Driver,K,Fatal Injury (K),6,Under the Influence of Medications/Drugs/Alcohol,88,Not Applicable,0,None taken,3,Test Given,1,Blood,3,Test Given,1,Blood,1,Not Ejected,0,None Used-Motor Vehicle Occupant,88,Not Applicable,6,Deployed-Combination,3,Exceeded Speed Limit,13,Failed to Keep in Proper Lane,88,Not Applicable,88,Not Applicable,88,Not Applicable,1,Not Distracted,,,,,,,,,,,,,,,,,,,,,,,11,"First Row, Left Seat",,Norwich,,2,State,CT,4,1,No,3,EMS Ground,ASM,Hartford Hospital
1193398,1,4,76,2,Female,IN,469968700,2,Passenger,K,Fatal Injury (K),,,,,,,,,,,,,,,1,Not Ejected,99,Unknown,88,Not Applicable,1,Not Deployed,,,88,Not Applicable,88,Not Applicable,88,Not Applicable,88,Not Applicable,,,,,,,,,,,,,,,,,,,,,,,,,21,"Second Row, Left Seat",,WINAMAC,,,,,,,,3,EMS Ground,Groton Ambulance,L&M Hospital
1193409,1,1,60,1,Male,CT,6365,1,Driver,K,Fatal Injury (K),2,Physically Impaired,88,Not Applicable,0,None taken,1,Test Not Given,88,Not Applicable,1,Test Not Given,88,Not Applicable,1,Not Ejected,99,Unknown,88,Not Applicable,88,Not applicable,99,Unknown,99,Unknown,88,Not Applicable,88,Not Applicable,88,Not Applicable,99,Unknown if Distracted,,,,,,,,,,,,,,,,,,,,,,,11,"First Row, Left Seat",,Preston        ,,2,State,CT,4,1,No,1,Not Transported,OCME,OCME FARMINGTON
1193483,1,1,55,1,Male,CT,6351,1,Driver,K,Fatal Injury (K),2,Physically Impaired,88,Not Applicable,0,None taken,3,Test Given,97,Other,3,Test Given,97,Other,1,Not Ejected,88,Not Applicable,1,No Helmet,88,Not applicable,99,Unknown,99,Unknown,88,Not Applicable,88,Not Applicable,88,Not Applicable,99,Unknown if Distracted,,,,,,,,,,,,,,,,,,,,,,,11,"First Row, Left Seat",,Jewett City,,2,State,CT,4,1,No,3,EMS Ground,,Backus Hospital
1193508,1,1,55,1,Male,CT,6351,1,Driver,K,Fatal Injury (K),2,Physically Impaired,88,Not Applicable,0,None taken,3,Test Given,97,Other,3,Test Given,97,Other,1,Not Ejected,88,Not Applicable,2,DOT-Compliant Motorcycle Helmet,88,Not applicable,99,Unknown,2,Ran Off Roadway,88,Not Applicable,88,Not Applicable,88,Not Applicable,99,Unknown if Distracted,,,,,,,,,,,,,,,,,,,,,,,11,"First Row, Left Seat",,Jewett City,,2,State,CT,4,1,No,3,EMS Ground,,William W. Backus Hospital
1193880,2,2,65,1,Male,CT,6460,1,Driver,K,Fatal Injury (K),99,Unknown,99,Unknown,0,None taken,1,Test Not Given,88,Not Applicable,1,Test Not Given,88,Not Applicable,1,Not Ejected,88,Not Applicable,1,No Helmet,88,Not applicable,1,No,1,No Contributing Action,88,Not Applicable,88,Not Applicable,88,Not Applicable,99,Unknown if Distracted,,,,,,,,,,,,,,,,,,,,,,,11,"First Row, Left Seat",,Milford,UnitedStates,2,State,CT,4,1,No,3,EMS Ground,MILFORD FIRE,BRIDGEPORT HOSPITAL
1194778,1,1,20,1,Male,CT,6811,1,Driver,K,Fatal Injury (K),97,Other,88,Not Applicable,0,None taken,1,Test Not Given,88,Not Applicable,1,Test Not Given,88,Not Applicable,1,Not Ejected,0,None Used-Motor Vehicle Occupant,88,Not Applicable,6,Deployed-Combination,3,Exceeded Speed Limit,13,Failed to Keep in Proper Lane,14,Operated Motor Vehicle in Reckless or Aggressive Manner,88,Not Applicable,88,Not Applicable,99,Unknown if Distracted,,,,,,,,,,,,,,,,,,,,,,,11,"First Row, Left Seat",,Danbury,,2,State,CT,4,1,No,1,Not Transported,,